Model,CV_MAE_mean,CV_MAE_std,CV_RMSE_mean,CV_RMSE_std,CV_R2_mean,CV_R2_std,CV_MAE_scores,CV_RMSE_scores,CV_R2_scores
Lasso,0.5701655162274268,0.11404375252940507,0.6965625482832192,0.14581210621292068,0.8217302216543712,0.0646132379601232,[0.50280157 0.64966707 0.69600027 0.38113993 0.62121874],[0.65967882 0.7289517  0.89843502 0.45011557 0.74563164],[0.85096653 0.78472824 0.74070922 0.92993776 0.80230935]
Random Forest,0.6081734620412678,0.11764375931668292,0.7592812065991021,0.15192162087316677,0.7893327621466396,0.06995263716675873,[0.70772147 0.63026941 0.73030036 0.40210033 0.57047574],[0.89996551 0.75843685 0.90645949 0.48779372 0.74375046],[0.72262298 0.76696111 0.73605677 0.91771734 0.80330562]
XGBoost,0.6312542758270834,0.0852111410642007,0.7713580056368201,0.13914146339977693,0.7851067480974065,0.07232086557164318,[0.77889208 0.60755206 0.64427097 0.51588155 0.60967472],[1.00168732 0.6750786  0.83125536 0.596651   0.75211775],[0.65637631 0.81537172 0.77803595 0.87689472 0.79885505]
Ridge,0.6962819814450508,0.2745911542762443,0.8598695909309312,0.3256018323366315,0.6852052976987476,0.27774830346577906,[0.54298938 1.21332853 0.64409759 0.40838976 0.67260465],[0.64006884 1.45423899 0.8697929  0.5025783  0.83266892],[0.85969533 0.14323619 0.75697808 0.91265392 0.75346296]
Linear Regression,3.3461509918315726,3.021885068873855,4.449686099974737,3.9712416664556502,-11.651821483991531,19.33155377928821,[0.57828665 2.11484261 1.72724741 3.14857027 9.16180801],[ 0.68979992  2.81066647  2.13806331  4.63337398 11.97652682],[  0.837046    -2.20042878  -0.46843542  -6.4238749  -50.00341432]
